membership_tier,customers,churn_rate,avg_predicted_risk,avg_orders,avg_discount_use
Bronze,13442,0.36847195357833656,0.5090956851519663,4.999479244160095,5.370873491690066
Gold,6036,0.04638833664678595,0.08607478472223057,7.0531809145129225,2.361824324324324
Platinum,1493,0.021433355659745478,0.04450194396193028,8.0609511051574,1.3908594815825375
Silver,9029,0.18185845608594528,0.2823498138599402,5.998892457636504,4.360416430915469
